Tahun,Komoditi,Unit Kuantiti,Kuantiti Eksport,Nilai Eksport,Kuantiti Import,Nilai Import
2018,Lembu dan Kerbau  ,Ekor,123,124067,75974,134787539
2018,Kambing dan Bebiri ,Ekor,60,24000,60303,49192647
2018,Babi  ,Ekor,37675,39955614,256,2416754
2018,Ayam dan itik ,Ekor,61281600,775094694,2316900,82799966
2018,Daging Lembu dan Kerbau  ,Tan Metrik,3393.02,69776726,165087.55,2173680653
2018,Daging Kambing dan Bebiri  ,Tan Metrik,234.65,4231438,36301.02,732862150
2018,Daging Babi  ,Tan Metrik,2097.85,39198138,24365.33,287078370
2018,Daging Ayam dan Itik  ,Tan Metrik,39397.4,477044943,71746.38,634876599
2018,Daging Ayam Turki  ,Tan Metrik,168.5,4601432,302.13,3360968
2018,Daging lain  ,Tan Metrik,5193.26,76042906,3185.02,58318091
2018,Susu Segar,Tan Metrik,2250.69,11135721,27418.68,100675341
2018,"Lain-lain susu, krim dan produk susu",Tan Metrik,160593.92,1086358157,322528.92,2724681275
2018,"Mentega , Lain-lain Minyak dan lemak dari tenusu",Tan Metrik,8132.5,122385039,20225.22,512401179
2018,Keju dan dadih,Tan Metrik,901.75,21681568,25560.96,501509875
2018,Telur unggas,Tan Metrik,121013.05,589919106,2878.2,22711557
2018,Ikan hidup,Tan Metrik,2941.67,50569907,1938.22,18516714
2018,Ikan segar,Tan Metrik,82252.98,522381635,269264.9,2203470060
2018,Ikan kering,Tan Metrik,13442,126049203,22321.97,196439081
2018,Krustasea dan moluska,Tan Metrik,72428.59,1382356202,65377.53,1034219041
2018,"Sediaan ikan, krustasea dan moluska",Tan Metrik,39667.66,681094636,33089.9,583776363
2018,"Lain-lain produk ikan, krustasea dan moluska",Tan Metrik,45982.4,217743261,22262.85,98529058
2018,Beras,Tan Metrik,19668.1,34653701,797880.52,1633448133
2018,Tepung beras,Tan Metrik,157.54,643294,7629.2,22986900
2018,Gandum dan meslin,Tan Metrik,1243.75,1862742,1461905.44,1599028832
2018,Tepung Gandum dan tepung meslin,Tan Metrik,97564.59,169513128,275184.65,359337022
2018,Malt,Tan Metrik,744.5,7384888,44416.56,93321363
2018,Biskut,Tan Metrik,23896.18,379571397,14347.43,159778115
2018,Keluaran roti,Tan Metrik,130745.16,1429276917,15597.47,154573218
2018,Bijirin bersalut koko,Tan Metrik,25631.76,229304786,10190.06,97547976
2018,Roll flake grains of maize,Tan Metrik,13016.46,12450565,2541054.86,2207015290
2018,Other worked grains of maize,Tan Metrik,1016.64,1414757,4378.7,5327654
2018,Bijirin lain,Tan Metrik,130883.82,1447134564,146194.37,761099594
2018,Bayam,Tan Metrik,9225.16,15343189,778.23,7727529
2018,Cendawan,Tan Metrik,6717.35,171329612,32036.43,348827393
2018,Cili ,Tan Metrik,6452.32,28908275,64151.02,207107281
2018,Halia,Tan Metrik,274.76,3281512,45261.2,140582487
2018,Jagung manis,Tan Metrik,11309.88,47568341,13445.06,42604525
2018,Kacang bendi,Tan Metrik,3315.6,8479319,442.39,825604
2018,Kacang buncis,Tan Metrik,3352.71,14466823,252.29,1847023
2018,Kacang panjang,Tan Metrik,4900.8,17344931,1063.8,1519886
2018,Kobis,Tan Metrik,2052.47,4156330,129704.14,157189515
2018,Salad,Tan Metrik,15258.3,72497979,9426.53,22732590
2018,Sawi,Tan Metrik,7085.31,10996551,10295.05,19348270
2018,Sayuran campuran,Tan Metrik,40073.13,113501144,44768.26,169288634
2018,Terung,Tan Metrik,9459.44,20466642,4211.96,6475888
2018,Timun,Tan Metrik,24621.13,39908216,15040.65,13268625
2018,Tomato,Tan Metrik,46839.9,127360903,20943.91,71159584
2018,Ubi kayu,Tan Metrik,633.34,748685,3289.23,13849296
2018,Ubi keledek,Tan Metrik,867.69,1650444,11491.91,31560429
2018,Bawang,Tan Metrik,19902.9,33996509,544720.42,731368356
2018,Bawang putih,Tan Metrik,16389.71,52342131,151231.74,405637665
2018,"Bunga kobis, brokoli",Tan Metrik,1023.4,3125475,59624.61,277080983
2018,Kekacang,Tan Metrik,9101.89,35547950,124144.11,340398975
2018,Lobak merah,Tan Metrik,3409.02,7263187,85099.24,188275676
2018,Ubi kentang ,Tan Metrik,20537.08,138904182,363568.82,917843366
2018,Sayur-sayuran lain,Tan Metrik,126910.16,328603267,151465.89,511850067
2018,Pisang,Tan Metrik,24205.72,33997834,16863.89,36451300
2018,Nanas,Tan Metrik,23301.26,40404466,5632.98,15482641
2018,Kelapa,Tan Metrik,17310.94,70151672,258361.02,217333943
2018,Tembikai,Tan Metrik,64225.85,95337657,3432.65,14592838
2018,Betik,Tan Metrik,18015.41,30928108,446.9,513330
2018,Jambu batu,Tan Metrik,2966.99,8270597,5166.36,7243602
2018,Mangga,Tan Metrik,3684.65,10310995,53966.66,79638473
2018,Manggis,Tan Metrik,8497.38,25812840,3281.68,8309397
2018,Rambutan,Tan Metrik,2156.22,3745578,1277.94,1954355
2018,Durian,Tan Metrik,23380.6,118219293,7860.57,19203471
2018,Nangka dan cempedak,Tan Metrik,6001.19,17165996,111,169065
2018,Langsat,Tan Metrik,1268.54,2315884,432.32,767289
2018,Mata kucing danlongan,Tan Metrik,49.33,170587,20625.91,52771983
2018,Ciku,Tan Metrik,124.16,350965,157.02,885397
2018,Avocado,Tan Metrik,133.68,295790,3156.45,45062665
2018,"Naga, Pitaya",Tan Metrik,4256.01,13453504,2284.8,9103371
2018,Asam jawa,Tan Metrik,771.11,3226623,15764.61,40385013
2018,Buah-buahan diawet,Tan Metrik,23008.1,486495547,70024.56,617308501
2018,Jus buah-buahan dan sayur-sayuran,Tan Metrik,32704.77,151508070,39249.65,242911930
2018,Buah-buah tropika lain,Tan Metrik,111.89,1493410,2013.92,32009239
2018,Epal,Tan Metrik,1029.8,5680882,100312.25,456774153
2018,Oren,Tan Metrik,2884.85,8222190,93732.12,308997313
2018,Limau mandarin,Tan Metrik,332.77,1170031,73637.18,268433659
2018,"Pir, pear ",Tan Metrik,359.73,1733280,41180.92,149369157
2018,Anggur,Tan Metrik,929.69,10163892,39765.75,367319918
2018,Kurma,Tan Metrik,2912.01,32155936,19134.76,186299371
2018,Kacang,Tan Metrik,7566.13,57482427,17279.65,349954067
2018,Buah-buah lain,Tan Metrik,11580.07,47928418,55797.09,407392593
2018,Gula tebu dan gula ubi,Tan Metrik,115322.29,199126480,2064405.35,2972386784
2018,Madu,Tan Metrik,254.54,3999550,3433.37,55285092
2018,Laktos,Tan Metrik,214.07,1036296,8982.74,39950958
2018,Molass,Tan Metrik,2103.16,3480885,20418.45,36537520
2018,"Glukos,fruktos,maltos",Tan Metrik,1628.52,6206718,96597.88,190181985
2018,Sediaan gula,Tan Metrik,2610.25,41185869,8025.56,92268926
2018,Hasil gula lain,Tan Metrik,91560.56,550712988,61827.52,403465535
2018,Kopi dan penggantinya,Tan Metrik,129360.95,2136742940,130133.52,1460968214
2018,Teh,Tan Metrik,5648.62,124366396,27021.52,348620941
2018,Koko,Tan Metrik,429103.19,4400490964,426299.82,3755316499
2018,Coklat dan sediaan koko,Tan Metrik,73748.82,1150716689,30036.84,615109525
2018,Ketumbar,Tan Metrik,452.81,2369137,16939.18,83977173
2018,Jintan,Tan Metrik,198.86,2921994,3276.48,32728494
2018,"Lada hitam, putih dan hijau ",Tan Metrik,11725.13,200729155,2584.24,47030451
2018,Cili kering,Tan Metrik,1865.49,16212356,42698.17,326205133
2018,Kunyit,Tan Metrik,139.74,1464676,7962.22,47087186
2018,"Lain kopi, koko, teh, rempah",Tan Metrik,13767.91,194504698,16383.92,252885624
2018,Jagung Tidak termasuk jagung manis ,Tan Metrik,558.01,778834,1516998.38,1369772673
2018,Hampas kacang soya,Tan Metrik,24679.74,43984350,1379680.86,2381838392
2018,Hampas gandum,Tan Metrik,12563.69,12465736,103958.32,129197072
2018,Hampas kacang tanah,Tan Metrik,352.25,290382,0.6,8226
2018,Hampas rapeseed,Tan Metrik,874.9,1227302,6206.09,5983531
2018,Hampas kelapa dan kopra,Tan Metrik,2334.54,2458251,1454.82,1802158
2018,Hampas daging,Tan Metrik,1378.19,4645595,77446.81,261541873
2018,Hampas isirung kelapa sawit,Tan Metrik,2401051.26,1135324999,26999.54,34196184
2018,Makanan ternakan lain,Tan Metrik,329166.29,743931059,493631.02,1685336050
2018,Marjerin dan Lemak,Tan Metrik,385366.68,1516676887,38736.83,57885424
2018,Makanan bayi,Tan Metrik,16560.08,229870574,62327.55,401057413
2018,Sos,Tan Metrik,83863.65,721153363,68108.22,539122807
2018,Sup,Tan Metrik,5274.02,47428152,692.15,10103917
2018,"Mi,mihun,pasta",Tan Metrik,1772.22,18134490,16562.39,90807894
2018,Makanan tambahan,Tan Metrik,9589.65,349092408,75469.03,783673765
2018,Yis,Tan Metrik,7249.29,19260823,8601.91,71773409
2018,Susu isian,Tan Metrik,327460.89,1320211798,9544.9,94612124
2018,Sarang burung,Tan Metrik,198.84,426570426,10.12,165408
2018,Lain-lain makanan lain,Tan Metrik,356273.93,3255558880,259373.11,3654226616
2019,Lembu dan Kerbau  ,Ekor,902,1124881,37957,115616809
2019,Babi  ,Ekor,56650,56856030,37,314483
2019,Ayam dan itik ,Ekor,60570630,766235402,1561135,66464835
2019,Daging Lembu dan Kerbau  ,Tan Metrik,4427,72657209,159184.39,2008360881
2019,Daging Kambing dan Bebiri  ,Tan Metrik,31.91,577919,31348.73,679476044
2019,Daging Babi  ,Tan Metrik,1748.49,29952992,18187.32,223286539
2019,Daging Ayam dan Itik  ,Tan Metrik,42015.38,553497246,72580.54,663319838
2019,Daging Ayam Turki  ,Tan Metrik,167.2,1535368,378.21,6795547
2019,Daging lain  ,Tan Metrik,4654.85,58019864,4113.78,50723207
2019,Susu Segar,Tan Metrik,6791.66,27701841,30192.8,113559683
2019,"Lain-lain susu, krim dan produk susu",Tan Metrik,162470.99,1173626841,326877.14,3066414364
2019,"Mentega, Lain-lain Minyak dan lemak dari tenusu",Tan Metrik,5500.4,103338558,19010.89,440068389
2019,Keju dan dadih,Tan Metrik,813.53,21542377,27494.49,528864575
2019,Telur unggas,Tan Metrik,110366.39,610302168,3595.36,23516788
2019,Ikan hidup,Tan Metrik,2803.8,47166444,1957.44,20039904
2019,Ikan segar,Tan Metrik,96735.23,607841570,276087.37,2405467035
2019,Ikan kering,Tan Metrik,5892.23,89585216,18015.37,151903874
2019,Krustasea dan moluska,Tan Metrik,99613.62,1860829846,84070.79,1300144853
2019,"Sediaan ikan, krustasea dan moluska",Tan Metrik,45267.29,790813184,39690.84,600370657
2019,"Lain-lain produk ikan, krustasea dan moluska",Tan Metrik,42364.16,223636410,21844.14,120553147
2019,Beras,Tan Metrik,24856.63,44865586,960310.41,1871892991
2019,Tepung beras,Tan Metrik,190.47,715727,5029.51,19023334
2019,Gandum dan meslin,Tan Metrik,440,714558,1385925.63,1589943321
2019,Tepung Gandum dan tepung meslin,Tan Metrik,99695,173611349,303688.06,418485748
2019,Malt,Tan Metrik,1489.48,14839426,50358.67,115981753
2019,Biskut,Tan Metrik,23122.33,316343526,12918.98,160476200
2019,Keluaran roti,Tan Metrik,133747.69,1454103784,20429.55,182418362
2019,Bijirin bersalut koko,Tan Metrik,23463.26,202378875,8410.26,95647689
2019,Roll flake grains of maize,Tan Metrik,5668.93,5671995,2240818.25,1976408954
2019,Other worked grains of maize,Tan Metrik,4828.13,6739660,2414.06,3938640
2019,Bijirin lain,Tan Metrik,129107.82,1391252811,156343.92,820023611
2019,Bayam,Tan Metrik,9492.18,17608602,869.11,8828610
2019,Cendawan,Tan Metrik,5401.64,70313860,45085.44,275717930
2019,Cili ,Tan Metrik,6819.71,32033071,68718.46,152613020
2019,Halia,Tan Metrik,305.54,3485476,59589.85,191221259
2019,Jagung manis,Tan Metrik,11356.37,45489589,11659.31,39440950
2019,Kacang bendi,Tan Metrik,2842.74,6856660,411.17,512839
2019,Kacang buncis,Tan Metrik,3410.67,13972985,654.48,3665075
2019,Kacang panjang,Tan Metrik,5337.44,18443486,1273.1,1745918
2019,Kobis,Tan Metrik,3077.57,6372958,119628.22,127650121
2019,Salad,Tan Metrik,14387.69,73879446,8988.1,17603728
2019,Sawi,Tan Metrik,7322.29,11676908,8905.78,12000741
2019,Sayuran campuran,Tan Metrik,8147.3,35138356,28484.93,107767119
2019,Terung,Tan Metrik,9248.22,21655363,2928.27,3395503
2019,Timun,Tan Metrik,22384.18,40968125,12302.74,10510571
2019,Tomato,Tan Metrik,44223.98,123354627,19052.37,75423934
2019,Ubi kayu,Tan Metrik,556.14,748397,523.26,1973653
2019,Ubi keledek,Tan Metrik,1141.84,1896766,13791.48,36835027
2019,Bawang,Tan Metrik,14871.32,25760245,504739.13,743841791
2019,Bawang putih,Tan Metrik,5112.91,17838445,108552.92,492351528
2019,"Bunga kobis,brokoli",Tan Metrik,1043.58,4785906,60446.57,268002307
2019,Kekacang,Tan Metrik,8787.6,33528266,117039.17,360404413
2019,Lobak merah,Tan Metrik,4800.27,9650856,92230.27,178074648
2019,Ubi kentang ,Tan Metrik,14344.64,106610844,381688.11,985999980
2019,Sayur-sayuran lain,Tan Metrik,83238.06,277675289,152966.3,539808007
2019,Pisang,Tan Metrik,23994.84,31249464,28166.89,61401506
2019,Nanas,Tan Metrik,24119.51,44482834,4933.43,12919166
2019,Kelapa,Tan Metrik,18731.41,58425702,267197.58,231787973
2019,Tembikai,Tan Metrik,60622.27,91609341,5839.42,24717221
2019,Betik,Tan Metrik,19020.25,30773328,406.49,438102
2019,Jambu batu,Tan Metrik,3181.99,8709595,3171.96,4801391
2019,Mangga,Tan Metrik,3133.41,8650529,38039.09,61985198
2019,Manggis,Tan Metrik,2433.64,5858017,3483.57,6145188
2019,Rambutan,Tan Metrik,1633.93,2886622,955.75,1552884
2019,Durian,Tan Metrik,22161.77,92254578,6372.7,16814027
2019,Belimbing,Tan Metrik,1990.81,23054074,9.63,12915
2019,Nangka dan cempedak,Tan Metrik,6192.96,20596928,548.24,771760
2019,Langsat,Tan Metrik,3897.59,8744200,1742.66,2797845
2019,Mata kucing dan longan,Tan Metrik,37.93,315742,27004.76,71778000
2019,Ciku,Tan Metrik,125.32,359908,159.8,1067508
2019,Avocado,Tan Metrik,150.53,597450,3914.47,53341323
2019,"Naga ,Pitaya",Tan Metrik,3035.04,9667211,2193.95,9665222
2019,Asam jawa,Tan Metrik,1919.15,3729004,15256.36,36084649
2019,Buah-buahan diawet,Tan Metrik,31635.84,712957308,65794.56,636399281
2019,Jus buah-buahan dan sayur-sayuran,Tan Metrik,24820.36,111362357,28067.88,209457367
2019,Buah-buah tropika lain,Tan Metrik,160.24,2298034,2104.28,36033116
2019,Epal,Tan Metrik,1141.76,6289852,105827.67,496094966
2019,Oren,Tan Metrik,4578.29,14485903,103124.09,335137550
2019,Limau mandarin,Tan Metrik,751.64,2932872,73856.16,252007177
2019,"Pir, pear ",Tan Metrik,703.86,3486599,37536.29,146406962
2019,Anggur,Tan Metrik,1818.2,18088085,44550.62,407023504
2019,Kurma,Tan Metrik,2748.86,15162346,18009.08,202077579
2019,Kacang,Tan Metrik,3038.71,34279163,14532.66,352206249
2019,Buah-buah lain,Tan Metrik,10177.2,38714586,58624.57,430684909
2019,Gula tebu dan gula ubi,Tan Metrik,102619.12,178145346,1880656.9,2608937303
2019,Madu,Tan Metrik,225.42,4133480,3381.82,46893448
2019,Laktos,Tan Metrik,154.72,748050,8056.13,41106918
2019,Molass,Tan Metrik,2315.03,3178527,16177.58,39652915
2019,"Glukos, fruktos, maltos",Tan Metrik,875.77,4157404,81854.72,185347482
2019,Sediaan gula,Tan Metrik,3386.94,54504388,8623.3,93116496
2019,Hasil gula lain,Tan Metrik,156732.98,710743479,63760.45,373642058
2019,Kopi dan penggantinya,Tan Metrik,133771.4,2155640652,136520.75,1551107265
2019,Teh,Tan Metrik,6134.37,166124953,29435.77,450846047
2019,Koko,Tan Metrik,438721.38,5319318079,426979.77,4004958516
2019,Coklat dan sediaan koko,Tan Metrik,90002.38,1279057300,32337.45,672774530
2019,Ketumbar,Tan Metrik,645.7,3778925,16870.81,87503266
2019,Jintan,Tan Metrik,113.32,1333574,3440.48,33186739
2019,"Lada hitam, putih dan hijau",Tan Metrik,9829.84,145469347,2979.65,46481827
2019,Cili kering,Tan Metrik,1597.69,14243890,44857.38,372101340
2019,Kunyit,Tan Metrik,239.6,2455628,8410.47,45719003
2019,"Lain kopi, koko, teh, rempah",Tan Metrik,30822.74,186561975,22513.43,284045725
2019,Jagung Tidak termasuk jagung manis,Tan Metrik,1779.47,2231030,1721918.52,1514114419
2019,Hampas kacang soya,Tan Metrik,43662.35,73499207,1389216.5,2161865593
2019,Hampas gandum,Tan Metrik,18824.63,14909352,102209.27,128989196
2019,Hampas rapeseed,Tan Metrik,319.24,458026,5539.93,13425514
2019,Hampas kelapa dan kopra,Tan Metrik,17621.77,8957107,900.4,1105671
2019,Hampas daging,Tan Metrik,454253.29,8167716,94004.97,245465977
2019,Hampas isirung kelapa sawit,Tan Metrik,2584382.98,1045364881,31841.75,65693573
2019,Makanan ternakan lain,Tan Metrik,408135.51,794456436,497521.85,1789372828
2019,Marjerin dan Lemak,Tan Metrik,428286.46,1711954664,15353.86,117878629
2019,Makanan bayi,Tan Metrik,13196,183503144,48076.08,268669351
2019,Sos,Tan Metrik,78437.37,745350575,71587.21,607730617
2019,Sup,Tan Metrik,5408.25,50190438,1173.27,13066415
2019,"Mi,mihun,pasta",Tan Metrik,2207.55,20137879,16752.01,92136032
2019,Makanan tambahan,Tan Metrik,8416.94,375851119,42910.78,942373741
2019,Yis,Tan Metrik,7449.81,21745266,9914.37,70675893
2019,Susu isian,Tan Metrik,408269.22,1644034405,9658.48,96776887
2019,Sarang burung,Tan Metrik,282.87,561421977,2.28,606200
2019,Lain-lain makanan lain,Tan Metrik,359526.13,3408700005,261576.2,3732512963
2020,Lembu dan Kerbau  ,Ekor,1096,1438800,43041,145767027
2020,Ayam dan itik ,Ekor,61451658,768573721,1684057,70937449
2020,Daging Lembu dan Kerbau  ,Tan Metrik,3790.66,84449536,161889.98,2215706537
2020,Daging Kambing dan Bebiri  ,Tan Metrik,51.38,1052961,37827.96,879428434
2020,Daging Babi  ,Tan Metrik,1771.9,26205820,13714.7,204545230
2020,Daging Ayam dan Itik  ,Tan Metrik,42298.21,508890932,69858.95,592996900
2020,Daging Ayam Turki  ,Tan Metrik,41.44,924708,1471.32,8497190
2020,Daging lain  ,Tan Metrik,4303.04,53465352,4967.52,71331291
2020,Susu Segar,Tan Metrik,12300.39,51272611,35611.12,142085436
2020,"Lain-lain susu, krim dan produk susu",Tan Metrik,157828.94,1119060009,307602.68,3166787474
2020,Mentega/Lain-lain Minyak dan lemak dari tenusu,Tan Metrik,4131.81,92448276,19915.29,424138576
2020,Keju dan dadih,Tan Metrik,1225.89,31733226,35068.25,688564135
2020,Telur unggas,Tan Metrik,103080.36,536251219,2015.53,22626797
2020,Ikan hidup,Tan Metrik,2277.58,35022713,1633.36,12632314
2020,Ikan segar,Tan Metrik,147066.22,831432227,270924.56,2314810515
2020,Ikan kering,Tan Metrik,5234.11,71937013,18749.78,148024883
2020,Krustasea dan moluska,Tan Metrik,94584.23,1584193913,93791.71,1264821009
2020,"Sediaan ikan, krustasea dan moluska",Tan Metrik,45501.93,745411584,42861.46,742517419
2020,"Lain-lain produk ikan, krustasea dan moluska",Tan Metrik,631030.68,244677839,40082.22,175454909
2020,Beras,Tan Metrik,58250.52,97004688,1212410.04,2471004812
2020,Tepung beras,Tan Metrik,217.77,832291,6700.23,25640289
2020,Gandum dan meslin,Tan Metrik,356.47,599922,1390608.79,1586679452
2020,Tepung Gandum dan tepung meslin,Tan Metrik,66194.75,125482821,297205.37,415561401
2020,Malt,Tan Metrik,1566.41,15595568,45990.79,130630584
2020,Biskut,Tan Metrik,19264.53,223718890,16643.44,165489366
2020,Keluaran roti,Tan Metrik,153307.06,1040708950,26711.48,211253340
2020,Bijirin bersalut koko,Tan Metrik,14433.88,126760826,7601.78,91129506
2020,Roll flake grains of maize,Tan Metrik,11704.86,12324405,2074028.4,1846552287
2020,Other worked grains of maize,Tan Metrik,4916.76,6415639,3079.2,4643753
2020,Bijirin lain,Tan Metrik,122535.03,1271750811,177941.26,924492828
2020,Bayam,Tan Metrik,8830.72,19586613,960.35,10578324
2020,Cendawan,Tan Metrik,6150.11,79378688,39495.61,269138275
2020,Cili ,Tan Metrik,5912.4,27737962,69420.28,157054725
2020,Halia,Tan Metrik,331.26,3449365,50612.17,255971323
2020,Jagung manis,Tan Metrik,10071.62,36725870,12327.75,46127271
2020,Kacang bendi,Tan Metrik,1647.69,4253183,411,488405
2020,Kacang buncis,Tan Metrik,3703.71,16436182,347.45,1385166
2020,Kacang panjang,Tan Metrik,4417.14,11760675,900.15,1112381
2020,Kobis,Tan Metrik,2316.26,5112450,136770.61,185959339
2020,Salad,Tan Metrik,14131.41,83116424,7427.86,16982973
2020,Sawi,Tan Metrik,6613.13,11187343,10209.29,15491755
2020,Sayuran campuran,Tan Metrik,12859.8,50109599,41101.79,141221270
2020,Terung,Tan Metrik,6875.23,20741025,2524.87,3256673
2020,Timun,Tan Metrik,19709.68,42742514,8752.81,7573070
2020,Tomato,Tan Metrik,38669.39,115167950,18354.76,76432716
2020,Ubi kayu,Tan Metrik,517.76,739161,1110.14,3876915
2020,Ubi keledek,Tan Metrik,1406.32,2486698,19032.84,48808856
2020,Bawang,Tan Metrik,18567.15,35746319,479746.63,887349081
2020,Bawang putih,Tan Metrik,8545.55,27763050,115177.64,489057368
2020,"Bunga kobis,brokoli",Tan Metrik,1235.84,5606513,60818,309394048
2020,Kekacang,Tan Metrik,8535.76,34460764,123629.94,412766334
2020,Lobak merah,Tan Metrik,5340.78,9652220,87082.86,184768560
2020,Ubi kentang ,Tan Metrik,13025.63,101036423,378551.97,1071133381
2020,Sayur-sayuran lain,Tan Metrik,73600.29,269922368,144952.58,515399945
2020,Pisang,Tan Metrik,28059.31,36470942,27897.99,62160678
2020,Nanas,Tan Metrik,24669.62,52496005,4647.03,18853345
2020,Kelapa,Tan Metrik,21911.89,72765530,299566.74,322229630
2020,Tembikai,Tan Metrik,45324.29,65954274,7394.08,30246695
2020,Betik,Tan Metrik,22487.21,30596908,307.42,484327
2020,Jambu batu,Tan Metrik,2916.19,8125566,4146.14,5618732
2020,Mangga,Tan Metrik,4076.02,10780814,54878.12,87886420
2020,Manggis,Tan Metrik,2309.89,12669788,4029.81,7326716
2020,Rambutan,Tan Metrik,767.69,1923146,1714.27,2497646
2020,Durian,Tan Metrik,16967.76,74172579,4901.93,12539628
2020,Belimbing,Tan Metrik,1373.22,16642723,0.66,24907
2020,Nangka dan cempedak,Tan Metrik,5649.82,15032837,227.39,311659
2020,Langsat,Tan Metrik,540.78,1438611,1161.86,1873738
2020,Mata kucing dan longan,Tan Metrik,70.73,452500,30523.92,81483210
2020,Ciku,Tan Metrik,116.23,476945,101.41,605508
2020,Avocado,Tan Metrik,170.85,758159,3435.71,51772637
2020,"Naga ,Pitaya",Tan Metrik,3894.68,12816385,2462.48,11476021
2020,Asam jawa,Tan Metrik,986.44,4578290,17838.61,46471371
2020,Buah-buahan diawet,Tan Metrik,32789.17,829664743,63998.33,610531972
2020,Jus buah-buahan dan sayur-sayuran,Tan Metrik,20251.08,90703293,20102.33,142044363
2020,Buah-buah tropika lain,Tan Metrik,99.95,1546124,2692.96,49262510
2020,Epal,Tan Metrik,2085,8575300,106249.19,477722502
2020,Oren,Tan Metrik,3530.89,10801246,89478.22,346838888
2020,Limau mandarin,Tan Metrik,476.41,1648505,49387.44,189988887
2020,"Pir, pear ",Tan Metrik,716.98,2960801,42038.02,163920350
2020,Anggur,Tan Metrik,801.9,7859568,45606.25,401788865
2020,Kurma,Tan Metrik,4127.01,27836040,22409.6,246731291
2020,Kacang,Tan Metrik,2142.15,14704879,12843.71,295606835
2020,Buah-buah lain,Tan Metrik,13291.6,46775830,62308.35,465944155
2020,Gula tebu dan gula ubi,Tan Metrik,254132.43,453242467,2187501.48,3207205194
2020,Madu,Tan Metrik,320.77,5809437,3417.11,48266035
2020,Laktos,Tan Metrik,110.35,574057,7298.51,39863085
2020,Molass,Tan Metrik,13921.57,11318672,15052.27,44970719
2020,"Glukos,fruktos,maltos",Tan Metrik,1448.74,5765191,74595.98,163774866
2020,Sediaan gula,Tan Metrik,2978.25,43408425,7787.44,70844036
2020,Hasil gula lain,Tan Metrik,205966.73,699726193,64246.22,348517942
2020,Kopi dan penggantinya,Tan Metrik,115991.3,2021578746,131675.21,1491792550
2020,Teh,Tan Metrik,8363.83,175024960,27773.57,367665556
2020,Koko,Tan Metrik,381585.09,5226058929,442796.78,4598178352
2020,Coklat dan sediaan koko,Tan Metrik,72815.26,1041761609,26158.62,527441118
2020,Ketumbar,Tan Metrik,901.53,5263057,15968.99,80385021
2020,Jintan,Tan Metrik,150.03,2093616,4087.98,35399521
2020,"Lada hitam, putih dan hijau",Tan Metrik,8490.67,121046396,2524.2,38587229
2020,Cili kering,Tan Metrik,2467.68,25048423,49532.16,476537658
2020,Kunyit,Tan Metrik,359.49,3753818,8593.12,43078167
2020,"Lain kopi, koko, teh, rempah",Tan Metrik,13436.49,186610520,30505.88,617270122
2020,Jagung Tidak termasuk jagung manis,Tan Metrik,4874.08,5268872,2004200.14,1728791465
2020,Hampas kacang soya,Tan Metrik,63491.15,117320511,1352016.01,2185578087
2020,Hampas gandum,Tan Metrik,9129.08,9850376,90638.64,113902014
2020,Hampas kacang tanah,Tan Metrik,0.96,19408,7.87,135805
2020,Hampas rapeseed,Tan Metrik,374.15,548794,6211.63,6638926
2020,Hampas kelapa dan kopra,Tan Metrik,6046.63,17151888,4474.73,17588297
2020,Hampas daging,Tan Metrik,3407,9871499,99235.79,282332223
2020,Hampas isirung kelapa sawit,Tan Metrik,2529531.33,1295274795,41987.88,48818656
2020,Makanan ternakan lain,Tan Metrik,458379.01,1014239206,412649.17,1769130663
2020,Marjerin dan Lemak,Tan Metrik,334903.65,1600267991,11946.7,74270323
2020,Makanan bayi,Tan Metrik,12001.02,165286382,49267.87,321042973
2020,Sos,Tan Metrik,75028.31,760166037,74930.93,640320034
2020,Sup,Tan Metrik,6092.05,43407768,1065.04,11562402
2020,"Mi,mihun,pasta",Tan Metrik,1820.24,15775334,21758.58,122883229
2020,Makanan tambahan,Tan Metrik,6973.23,370002977,48193.75,1099693226
2020,Yis,Tan Metrik,9677.79,22995914,12950.77,84673377
2020,Susu isian,Tan Metrik,394926.32,1713395250,18093.23,205128890
2020,Sarang burung,Tan Metrik,368.43,905206806,1.74,1111539
2020,Lain-lain makanan lain,Tan Metrik,378501.5,3324315731,295938.14,4080250332
2021,Lembu dan Kerbau  ,Ekor,1017,1418400,40177,175968827
2021,Kambing dan Bebiri  ,Ekor,80,32010,39062,28369393
2021,Ayam dan itik  ,Ekor,60462722,844509649,2630750,70848566
2021,Daging Lembu dan Kerbau, Tan Metrik,8287.14,176596347,169014.18,2405898177
2021,Daging Kambing dan Bebiri  , Tan Metrik,47.15,926911,29296.35,767875952
2021,Daging Babi  , Tan Metrik,1519.83,29679030,17381.95,261381019
2021,Daging Ayam dan Itik  , Tan Metrik,47879.27,636364790,96497.67,767965956
2021,Daging Ayam Turki  , Tan Metrik,88.24,2055702,259.64,6509500
2021,Daging lain  , Tan Metrik,3939.97,52359464,1136.02,15425968
2021,Susu Segar, Tan Metrik,13479.61,55128475,45708.03,224906205
2021,"Lain-lain susu, krim dan produk susu", Tan Metrik,134086.18,975870612,319812.33,3541135571
2021,"Mentega,Lain-lain Minyak dan lemak dari tenusu", Tan Metrik,3248.44,81144603,20807.47,477833688
2021,Keju dan dadih, Tan Metrik,1102.39,33958929,35832.74,734772024
2021,Telur unggas, Tan Metrik,114069.07,617272990,1818.58,26832755
2021,Ikan hidup, Tan Metrik,2523.67,35495733,388.79,9012903
2021,Ikan segar, Tan Metrik,141788.32,772254320,309906.56,2658009065
2021,Ikan kering, Tan Metrik,5203.64,51482185,27907.48,223294353
2021,Krustasea dan moluska, Tan Metrik,115223.74,1885686382,123807.88,1571335256
2021,"Sediaan ikan, krustasea dan moluska", Tan Metrik,49031.22,824138353,56880.18,738860063
2021,"Lain-lain produk ikan, krustasea dan moluska", Tan Metrik,23841.52,122318122,40129.38,178727750
2021,Beras, Tan Metrik,96259.69,161291305,1153654,2382747827
2021,Tepung beras, Tan Metrik,33.68,234721,5736.89,22958548
2021,Gandum dan meslin, Tan Metrik,512,900670,1318065.42,1769310995
2021,Tepung Gandum dan tepung meslin, Tan Metrik,61416.62,120353123,278678.41,457511040
2021,Malt, Tan Metrik,1691.35,14433101,37624.15,103261001
2021,Biskut, Tan Metrik,24922.22,295830318,16677.54,194613866
2021,Keluaran roti, Tan Metrik,134265.59,1572397310,22134.99,195619548
2021,Bijirin bersalut koko, Tan Metrik,26600.79,221392957,9816.85,113325057
2021,Roll flake grains of maize, Tan Metrik,8835.59,13350466,1999816.83,2606116594
2021,Other worked grains of maize, Tan Metrik,539.27,1192033,3625.56,5221770
2021,Bijirin lain, Tan Metrik,130769.6,1465143715,174834.16,957545042
2021,Bayam, Tan Metrik,9910.02,19742295,1367.23,15730415
2021,Cendawan, Tan Metrik,6833.58,66463527,36774.12,264023684
2021,Cili , Tan Metrik,6980.27,32169658,76934.69,173693072
2021,Halia, Tan Metrik,657.71,6030686,51738.2,192708413
2021,Jagung manis, Tan Metrik,11628.44,40184882,13414.71,49266680
2021,Kacang bendi, Tan Metrik,3255.47,7405128,630.66,694900
2021,Kacang buncis, Tan Metrik,3840.85,18402113,556.56,1647858
2021,Kacang panjang, Tan Metrik,6239.07,13305479,1129.5,1119293
2021,Kobis, Tan Metrik,3546.97,7950254,139035.69,235490503
2021,Salad, Tan Metrik,12919.87,71909237,7644.36,18510776
2021,Sawi, Tan Metrik,6345.21,12819076,11051.56,15615412
2021,Sayuran campuran, Tan Metrik,36110.97,91300128,51458.97,161663268
2021,Terung, Tan Metrik,7690.47,23286906,3945.83,4296806
2021,Timun, Tan Metrik,22644.65,46379014,12523.17,10412836
2021,Tomato, Tan Metrik,37062.09,109269052,23322.06,81610645
2021,Ubi kayu, Tan Metrik,880.92,1014984,811.53,2366418
2021,Ubi keledek, Tan Metrik,2282.28,4159249,17299.71,44948829
2021,Bawang, Tan Metrik,16600.32,30967386,484853.97,857943152
2021,Bawang putih, Tan Metrik,13224.93,35071544,138817.23,627124227
2021,"Bunga kobis,brokoli", Tan Metrik,2397.15,7313198,59917.66,348766426
2021,Kekacang, Tan Metrik,15621.93,42990133,110458.03,403171816
2021,Lobak merah, Tan Metrik,6563.96,10085282,84916.65,205025279
2021,Ubi kentang , Tan Metrik,13201.79,102076096,367299.28,1102439165
2021,Sayur-sayuran lain, Tan Metrik,93090.15,309847054,162926.2,616222407
2021,Pisang, Tan Metrik,32084.92,41410925,23701.34,50252915
2021,Nanas, Tan Metrik,21535.81,41861411,3487.76,13975486
2021,Kelapa, Tan Metrik,25901.55,82692876,268624.75,325157414
2021,Tembikai, Tan Metrik,43067.91,63584767,6868.63,31016027
2021,Betik, Tan Metrik,19786.76,25969978,311.5,540421
2021,Jambu batu, Tan Metrik,3463.11,8907916,3197.05,5469764
2021,Mangga, Tan Metrik,6655.99,15726105,69646.32,113434144
2021,Manggis, Tan Metrik,2205.48,7167395,3970.68,7741615
2021,Rambutan, Tan Metrik,1798.9,3067984,2126.41,3376317
2021,Durian, Tan Metrik,24684.08,121902294,6727.69,17449831
2021,Belimbing, Tan Metrik,1131.08,18406677,0.44,3627
2021,Nangka dan cempedak, Tan Metrik,7260.31,18513784,768.48,1196963
2021,Langsat, Tan Metrik,2363.35,5023462,1042.82,1657181
2021,Mata kucing dan longan, Tan Metrik,210.92,987553,56959.23,148694323
2021,Ciku, Tan Metrik,206.28,648775,163.43,868534
2021,Avocado, Tan Metrik,230.42,821807,4559.57,61026744
2021,"Naga ,Pitaya", Tan Metrik,4984.23,15853082,2351.04,11388248
2021,Asam jawa, Tan Metrik,942.41,5311128,11345.98,36211933
2021,Buah-buahan diawet, Tan Metrik,39263.6,1292058678,65379.93,657144158
2021,Jus buah-buahan dan sayur-sayuran, Tan Metrik,26436.54,121575660,22789.42,163072550
2021,Buah-buah tropika lain, Tan Metrik,108.29,2269147,3053.72,55432249
2021,Epal, Tan Metrik,2273.75,10010576,106256.45,502367934
2021,Oren, Tan Metrik,5320.05,14035909,107451.82,418606609
2021,Limau mandarin, Tan Metrik,2747.72,5764075,74469.17,297218511
2021,"Pir, pear ", Tan Metrik,642.95,2810552,36820.42,160772757
2021,Anggur, Tan Metrik,828.08,6242393,49560.3,471824811
2021,Kurma, Tan Metrik,4717.91,20920374,26191.03,268006823
2021,Kacang, Tan Metrik,2136.22,23507812,16732.52,357032281
2021,Buah-buah lain, Tan Metrik,14070.81,51601642,74921.35,544569353
2021,Gula tebu dan gula ubi, Tan Metrik,285996.47,632739960,2117821.38,3868310049
2021,Madu, Tan Metrik,212.14,5090898,4165.73,63318256
2021,Laktos, Tan Metrik,65.77,472754,6236.81,36664652
2021,Molass, Tan Metrik,5982.51,5552641,22000.43,48190330
2021,"Glukos,fruktos,maltos", Tan Metrik,3442.15,11960602,75946.31,195684577
2021,Sediaan gula, Tan Metrik,2355.21,36886337,7315.14,66954450
2021,Hasil gula lain, Tan Metrik,130038.49,638715109,54338.08,353049101
2021,Kopi dan penggantinya, Tan Metrik,115997.54,2131202924,126934.2,1531078766
2021,Teh, Tan Metrik,8867.94,202497102,28602.42,388921191
2021,Koko, Tan Metrik,420430.92,5697847776,532730.52,5581891206
2021,Coklat dan sediaan koko, Tan Metrik,79837.29,1174262848,30963.96,665690687
2021,Ketumbar, Tan Metrik,593.92,4306377,15160.08,81357649
2021,Jintan, Tan Metrik,78.57,1320410,4293.68,38471700
2021,"Lada hitam, putih dan hijau", Tan Metrik,7411.63,153703797,3954.02,62034008
2021,Cili kering, Tan Metrik,2120.44,19375603,49982.86,509955177
2021,Kunyit, Tan Metrik,906.81,3642342,8727.82,50695795
2021,"Lain kopi, koko, teh, rempah", Tan Metrik,11396.37,213974422,29139.94,614826692
2021,Jagung Tidak termasuk jagung manis, Tan Metrik,2629,2870513,1788807.08,2387381094
2021,Hampas kacang soya, Tan Metrik,84202.82,209062912,1248685.93,2606792674
2021,Hampas gandum, Tan Metrik,6435.2,6415541,93168.54,128283655
2021,Hampas kacang tanah, Tan Metrik,46.08,302527,5.3,64630
2021,Hampas rapeseed, Tan Metrik,390.6,730180,8324.08,10894817
2021,Hampas kelapa dan kopra, Tan Metrik,2190.77,3581896,1283.36,3991007
2021,Hampas daging, Tan Metrik,4261,13861377,120649.13,363703404
2021,Hampas isirung kelapa sawit, Tan Metrik,2246330.06,1394974913,31631.04,58717575
2021,Makanan ternakan lain, Tan Metrik,423495.7,1251710441,484804.07,2203483113
2021,Marjerin dan Lemak, Tan Metrik,360937.73,2264631094,16076.27,112985199
2021,Makanan bayi, Tan Metrik,12863.6,185446907,47916.9,226074155
2021,Sos, Tan Metrik,78614.02,810968445,77921.69,668763945
2021,Sup, Tan Metrik,3747.64,38232407,1356.25,15184501
2021,"Mi,mihun,pasta", Tan Metrik,2454.95,21952596,27581.29,161643066
2021,Makanan tambahan, Tan Metrik,9391.42,409658759,65517.75,1827965623
2021,Yis, Tan Metrik,10362.84,30778883,14245.23,88203087
2021,Susu isian, Tan Metrik,369167.81,1712734255,13918.46,193604574
2021,Sarang burung, Tan Metrik,478.23,1112852421,0.36,654495
2021,Lain-lain makanan lain, Tan Metrik,408149.49,3903995334,304096.28,4518970273
